{"count":1,"self":182.06305279999998,"total":1212.3293311,"children":{"InitializeActuators":{"count":4,"self":0.0006611,"total":0.0006611,"children":null},"InitializeSensors":{"count":4,"self":0.0020027,"total":0.0020027,"children":null},"AgentSendState":{"count":475167,"self":13.0048912,"total":17.731408899999998,"children":{"CollectObservations":{"count":380136,"self":0.4038177,"total":0.4038177,"children":null},"WriteActionMask":{"count":380136,"self":0.086729199999999992,"total":0.086729199999999992,"children":null},"RequestDecision":{"count":380136,"self":0.5554735,"total":4.2359706,"children":{"AgentInfo.ToProto":{"count":380136,"self":0.4289213,"total":3.6804970999999997,"children":{"GenerateSensorData":{"count":380136,"self":2.652552,"total":3.2515758,"children":{"RayPerceptionSensor.Perceive":{"count":760272,"self":0.59902389999999994,"total":0.59902389999999994,"children":null}}}}}}}}},"DecideAction":{"count":475167,"self":1011.5260416,"total":1011.5260403,"children":null},"AgentAct":{"count":475167,"self":0.86989759999999994,"total":0.86989759999999994,"children":null},"AgentInfo.ToProto":{"count":9369,"self":0.019475,"total":0.136266,"children":{"GenerateSensorData":{"count":9369,"self":0.0952832,"total":0.11679099999999999,"children":{"RayPerceptionSensor.Perceive":{"count":18738,"self":0.0215078,"total":0.0215078,"children":null}}}}}},"gauges":{"KartAgent.CumulativeReward":{"count":9369,"max":49.4642525,"min":-110.018,"runningAverage":-27.188139,"value":-10.2509985,"weightedAverage":-6.12526226}},"metadata":{"timer_format_version":"0.1.0","start_time_seconds":"1684792949","unity_version":"2021.3.17f1","command_line_arguments":"C:\\Program Files\\Unity\\Hub\\Editor\\2021.3.17f1\\Editor\\Unity.exe -projectpath C:\\Users\\Jesus\\Documents\\GitHub\\KartIA -useHub -hubIPC -cloudEnvironment production -licensingIpc LicenseClient-Jesus -hubSessionId b124b7d0-f8eb-11ed-aac9-ab7525b42544 -accessToken 2NnqWUFB__K97o4mZ5v-lEZQoikA5WlbfkdJdNMoLjk004f","communication_protocol_version":"1.5.0","com.unity.ml-agents_version":"2.0.1","scene_name":"kart","end_time_seconds":"1684794162"}}