{"count":1,"self":2651.7436416,"total":22628.1637443,"children":{"InitializeActuators":{"count":4,"self":0.0020017999999999998,"total":0.0020017999999999998,"children":null},"InitializeSensors":{"count":4,"self":0.0020017999999999998,"total":0.0020017999999999998,"children":null},"AgentSendState":{"count":9084901,"self":240.7566592,"total":326.6179378,"children":{"CollectObservations":{"count":7267924,"self":6.7339312,"total":6.7339315,"children":null},"WriteActionMask":{"count":7267924,"self":1.2653108,"total":1.2653108,"children":null},"RequestDecision":{"count":7267924,"self":10.3013696,"total":77.862032,"children":{"AgentInfo.ToProto":{"count":7267924,"self":8.2966008,"total":67.5606626,"children":{"GenerateSensorData":{"count":7267924,"self":47.6677344,"total":59.264061899999994,"children":{"RayPerceptionSensor.Perceive":{"count":14535848,"self":11.596328,"total":11.5963279,"children":null}}}}}}}}},"DecideAction":{"count":9084901,"self":19631.7134848,"total":19631.7138328,"children":null},"AgentAct":{"count":9084901,"self":16.6349744,"total":16.6349743,"children":null},"AgentInfo.ToProto":{"count":110696,"self":0.2393323,"total":1.4494459,"children":{"GenerateSensorData":{"count":110696,"self":0.9502252,"total":1.2101136,"children":{"RayPerceptionSensor.Perceive":{"count":221392,"self":0.25988839999999996,"total":0.25988839999999996,"children":null}}}}}},"gauges":{"KartAgent.CumulativeReward":{"count":110696,"max":148.610474,"min":-110.027,"runningAverage":4.93395424,"value":18.0789986,"weightedAverage":11.3515787}},"metadata":{"timer_format_version":"0.1.0","start_time_seconds":"1685134831","unity_version":"2021.3.17f1","command_line_arguments":"C:\\Program Files\\Unity\\Hub\\Editor\\2021.3.17f1\\Editor\\Unity.exe -projectpath C:\\Users\\Jesus\\Documents\\GitHub\\KartIA -useHub -hubIPC -cloudEnvironment production -licensingIpc LicenseClient-Jesus -hubSessionId 2f8e50e0-fc07-11ed-9c7b-0362b78e67fd -accessToken -crGKvyJDGUVK3Xm6MaSTdBKyvjddoDkPzrlC_NOB-A004f","communication_protocol_version":"1.5.0","com.unity.ml-agents_version":"2.0.1","scene_name":"kart","end_time_seconds":"1685157459"}}