{"count":1,"self":4828.1075712,"total":28120.4156935,"children":{"InitializeActuators":{"count":4,"self":0.0020011,"total":0.0020011,"children":null},"InitializeSensors":{"count":4,"self":0.0020019,"total":0.0020019,"children":null},"AgentSendState":{"count":10113351,"self":273.1820288,"total":372.8700366,"children":{"CollectObservations":{"count":8090684,"self":8.3954456,"total":8.3954459,"children":null},"WriteActionMask":{"count":8090684,"self":1.6879338,"total":1.6879338,"children":null},"RequestDecision":{"count":8090684,"self":11.8543712,"total":89.604638799999989,"children":{"AgentInfo.ToProto":{"count":8090684,"self":9.755693599999999,"total":77.7502679,"children":{"GenerateSensorData":{"count":8090684,"self":54.8175872,"total":67.994574,"children":{"RayPerceptionSensor.Perceive":{"count":16181368,"self":13.176986399999999,"total":13.176986399999999,"children":null}}}}}}}}},"DecideAction":{"count":10113351,"self":22898.899353599998,"total":22898.898691299997,"children":null},"AgentAct":{"count":10113351,"self":19.866166399999997,"total":19.8661672,"children":null},"AgentInfo.ToProto":{"count":47925,"self":0.11950119999999999,"total":0.6684127,"children":{"GenerateSensorData":{"count":47925,"self":0.4423136,"total":0.5489115,"children":{"RayPerceptionSensor.Perceive":{"count":95850,"self":0.1065979,"total":0.1065979,"children":null}}}}}},"gauges":{"KartAgent.CumulativeReward":{"count":47925,"max":225.603256,"min":-140.025009,"runningAverage":36.8749237,"value":66.1183853,"weightedAverage":62.9883461}},"metadata":{"timer_format_version":"0.1.0","start_time_seconds":"1685519459","unity_version":"2021.3.17f1","command_line_arguments":"C:\\Program Files\\Unity\\Hub\\Editor\\2021.3.17f1\\Editor\\Unity.exe -projectpath C:\\Users\\Jesus\\Documents\\GitHub\\KartIA -useHub -hubIPC -cloudEnvironment production -licensingIpc LicenseClient-Jesus -hubSessionId b4e5dd90-ff85-11ed-adfa-1147ecc9607c -accessToken AKPjjKWXyDiRFErZzpmythLMAjqogBTCfNMRMQd6Hdg004f","communication_protocol_version":"1.5.0","com.unity.ml-agents_version":"2.0.1","scene_name":"kart","end_time_seconds":"1685547579"}}