{"count":1,"self":3887.7835264,"total":32633.5789596,"children":{"InitializeActuators":{"count":4,"self":0.0010008999999999999,"total":0.0010008999999999999,"children":null},"InitializeSensors":{"count":4,"self":0.0030034999999999997,"total":0.0030034999999999997,"children":null},"AgentSendState":{"count":12500018,"self":346.4347648,"total":460.64983309999997,"children":{"CollectObservations":{"count":10000016,"self":9.0930056,"total":9.0930056,"children":null},"WriteActionMask":{"count":10000016,"self":1.8851571999999999,"total":1.8851570999999998,"children":null},"RequestDecision":{"count":10000016,"self":13.6618432,"total":103.2369014,"children":{"AgentInfo.ToProto":{"count":10000016,"self":10.75724,"total":89.575058599999991,"children":{"GenerateSensorData":{"count":10000016,"self":63.113504,"total":78.8178183,"children":{"RayPerceptionSensor.Perceive":{"count":20000032,"self":15.704313599999999,"total":15.7043143,"children":null}}}}}}}}},"DecideAction":{"count":12500018,"self":28261.813452799997,"total":28261.813268399997,"children":null},"AgentAct":{"count":12500018,"self":22.285408,"total":22.285408099999998,"children":null},"AgentInfo.ToProto":{"count":83641,"self":0.1851358,"total":1.0417271,"children":{"GenerateSensorData":{"count":83641,"self":0.6769168,"total":0.85659129999999994,"children":{"RayPerceptionSensor.Perceive":{"count":167282,"self":0.1796745,"total":0.1796745,"children":null}}}}}},"gauges":{"KartAgent.CumulativeReward":{"count":83641,"max":269.285217,"min":-120.020996,"runningAverage":27.20833,"value":67.23703,"weightedAverage":52.8948975}},"metadata":{"timer_format_version":"0.1.0","start_time_seconds":"1685344388","unity_version":"2021.3.17f1","command_line_arguments":"C:\\Program Files\\Unity\\Hub\\Editor\\2021.3.17f1\\Editor\\Unity.exe -projectpath C:\\Users\\Jesus\\Documents\\GitHub\\KartIA -useHub -hubIPC -cloudEnvironment production -licensingIpc LicenseClient-Jesus -hubSessionId 411946a0-fdef-11ed-876c-3fcfea044ae6 -accessToken mVK2oy9-3c0kDx8ahKotir_z2OZHNDBV4t2lBeChmWE004f","communication_protocol_version":"1.5.0","com.unity.ml-agents_version":"2.0.1","scene_name":"kart","end_time_seconds":"1685377022"}}