{"count":1,"self":43.282425599999996,"total":64.8042023,"children":{"InitializeActuators":{"count":1,"self":0.0020307999999999997,"total":0.0020307999999999997,"children":null},"InitializeSensors":{"count":1,"self":0.0020066999999999997,"total":0.0020066999999999997,"children":null},"AgentSendState":{"count":12467,"self":0.1545161,"total":0.85283179999999992,"children":{"CollectObservations":{"count":2494,"self":0.0064788,"total":0.0064788,"children":null},"WriteActionMask":{"count":2494,"self":0.0011704999999999999,"total":0.0011704999999999999,"children":null},"RequestDecision":{"count":2494,"self":0.010878299999999999,"total":0.6906664,"children":{"AgentInfo.ToProto":{"count":2494,"self":0.0096758,"total":0.6797881,"children":{"GenerateSensorData":{"count":2494,"self":0.6665821,"total":0.6701123,"children":{"RayPerceptionSensor.Perceive":{"count":4988,"self":0.0035302,"total":0.0035302,"children":null}}}}}}}}},"DecideAction":{"count":12467,"self":20.639504,"total":20.639504499999997,"children":null},"AgentAct":{"count":12467,"self":0.0171607,"total":0.0171607,"children":null},"AgentInfo.ToProto":{"count":37,"self":0,"total":0.0082417999999999988,"children":{"GenerateSensorData":{"count":37,"self":0.0082417999999999988,"total":0.0082417999999999988,"children":{"RayPerceptionSensor.Perceive":{"count":74,"self":0,"total":0,"children":null}}}}}},"gauges":{"KartAgent.CumulativeReward":{"count":37,"max":0.3580003,"min":-0.935000241,"runningAverage":-0.003729732,"value":-0.0150000015,"weightedAverage":-0.0130783338}},"metadata":{"timer_format_version":"0.1.0","start_time_seconds":"1684292016","unity_version":"2021.3.17f1","command_line_arguments":"C:\\Program Files\\Unity\\Hub\\Editor\\2021.3.17f1\\Editor\\Unity.exe -projectpath C:\\Users\\2092\\Documents\\GitHub\\IAKART\\KartIA -useHub -hubIPC -cloudEnvironment production -licensingIpc LicenseClient-2092 -hubSessionId 1b2f1fb0-f380-11ed-b6b4-f38ee01cc4fc","communication_protocol_version":"1.5.0","com.unity.ml-agents_version":"2.0.1","scene_name":"kart","end_time_seconds":"1684292081"}}