{"count":1,"self":134.19147519999999,"total":1100.3590678,"children":{"InitializeActuators":{"count":4,"self":0.0010064,"total":0.0010064,"children":null},"InitializeSensors":{"count":4,"self":0.0015084999999999999,"total":0.0015084999999999999,"children":null},"AgentSendState":{"count":371634,"self":10.091452799999999,"total":13.9895756,"children":{"CollectObservations":{"count":297308,"self":0.3683453,"total":0.3683453,"children":null},"WriteActionMask":{"count":297308,"self":0.082857,"total":0.082857,"children":null},"RequestDecision":{"count":297308,"self":0.4988448,"total":3.4469206,"children":{"AgentInfo.ToProto":{"count":297308,"self":0.4390079,"total":2.9480758,"children":{"GenerateSensorData":{"count":297308,"self":2.041296,"total":2.5090679,"children":{"RayPerceptionSensor.Perceive":{"count":594616,"self":0.46777189999999996,"total":0.46777189999999996,"children":null}}}}}}}}},"DecideAction":{"count":371634,"self":951.2010752,"total":951.20107269999994,"children":null},"AgentAct":{"count":371634,"self":0.8525494,"total":0.8525494,"children":null},"AgentInfo.ToProto":{"count":6633,"self":0.0204015,"total":0.121874,"children":{"GenerateSensorData":{"count":6633,"self":0.06922339999999999,"total":0.1014725,"children":{"RayPerceptionSensor.Perceive":{"count":13266,"self":0.032249099999999996,"total":0.032249099999999996,"children":null}}}}}},"gauges":{"KartAgent.CumulativeReward":{"count":6633,"max":62.03302,"min":-110.018,"runningAverage":-41.516758,"value":14.7859936,"weightedAverage":-5.3109374}},"metadata":{"timer_format_version":"0.1.0","start_time_seconds":"1684915233","unity_version":"2021.3.17f1","command_line_arguments":"C:\\Program Files\\Unity\\Hub\\Editor\\2021.3.17f1\\Editor\\Unity.exe -projectpath C:\\Users\\2092\\Documents\\GitHub\\IAKART\\KartIA -useHub -hubIPC -cloudEnvironment production -licensingIpc LicenseClient-2092 -hubSessionId 81659320-f8ff-11ed-9b54-777e8a50f98a","communication_protocol_version":"1.5.0","com.unity.ml-agents_version":"2.0.1","scene_name":"kart","end_time_seconds":"1684916334"}}