{"count":1,"self":554.02178559999993,"total":4678.9404806,"children":{"InitializeActuators":{"count":4,"self":0.0010004999999999999,"total":0.0010004999999999999,"children":null},"InitializeSensors":{"count":4,"self":0.0010008999999999999,"total":0.0010008999999999999,"children":null},"AgentSendState":{"count":1059101,"self":28.591091199999997,"total":38.9929868,"children":{"CollectObservations":{"count":847284,"self":0.9532166,"total":0.9532166,"children":null},"WriteActionMask":{"count":847284,"self":0.1680606,"total":0.1680606,"children":null},"RequestDecision":{"count":847284,"self":1.2114548,"total":9.2806169,"children":{"AgentInfo.ToProto":{"count":847284,"self":1.0457262999999999,"total":8.0691621,"children":{"GenerateSensorData":{"count":847284,"self":5.7482495999999994,"total":7.0234358,"children":{"RayPerceptionSensor.Perceive":{"count":1694568,"self":1.2751862,"total":1.2751862,"children":null}}}}}}}}},"DecideAction":{"count":1059101,"self":4083.7124096,"total":4083.7124144,"children":null},"AgentAct":{"count":1059101,"self":2.0395635999999997,"total":2.0395635,"children":null},"AgentInfo.ToProto":{"count":11730,"self":0.035335399999999996,"total":0.1707321,"children":{"GenerateSensorData":{"count":11730,"self":0.10736259999999999,"total":0.13539669999999998,"children":{"RayPerceptionSensor.Perceive":{"count":23460,"self":0.0280341,"total":0.0280341,"children":null}}}}}},"gauges":{"KartAgent.CumulativeReward":{"count":11730,"max":209.54953,"min":-140.027008,"runningAverage":-27.8214188,"value":3.02200079,"weightedAverage":-14.9270916}},"metadata":{"timer_format_version":"0.1.0","start_time_seconds":"1685999459","unity_version":"2021.3.17f1","command_line_arguments":"C:\\Program Files\\Unity\\Hub\\Editor\\2021.3.17f1\\Editor\\Unity.exe -projectpath C:\\Users\\Jesus\\Documents\\GitHub\\KartIA -useHub -hubIPC -cloudEnvironment production -licensingIpc LicenseClient-Jesus -hubSessionId 4e3643b0-03e4-11ee-aa88-116fcad1c1d7 -accessToken 4D2ktW-tpzxP7gMocQSBCxLTgoDtDncxsAfg5SQrfPE004f","communication_protocol_version":"1.5.0","com.unity.ml-agents_version":"2.0.1","scene_name":"kart","end_time_seconds":"1686004137"}}