{"count":1,"self":1002.6230783999999,"total":6340.4334045,"children":{"InitializeActuators":{"count":4,"self":0.0010008,"total":0.0010008,"children":null},"InitializeSensors":{"count":4,"self":0.002002,"total":0.002002,"children":null},"AgentSendState":{"count":2343451,"self":61.720409599999996,"total":85.519495499999991,"children":{"CollectObservations":{"count":1874764,"self":1.9588698,"total":1.9588698,"children":null},"WriteActionMask":{"count":1874764,"self":0.4009447,"total":0.4009447,"children":null},"RequestDecision":{"count":1874764,"self":2.9420172,"total":21.4392745,"children":{"AgentInfo.ToProto":{"count":1874764,"self":2.3696132,"total":18.4972572,"children":{"GenerateSensorData":{"count":1874764,"self":12.967468799999999,"total":16.127644099999998,"children":{"RayPerceptionSensor.Perceive":{"count":3749528,"self":3.1601748,"total":3.1601749,"children":null}}}}}}}}},"DecideAction":{"count":2343451,"self":5246.6475008,"total":5246.6476728,"children":null},"AgentAct":{"count":2343451,"self":4.9329488,"total":4.9329488999999995,"children":null},"AgentInfo.ToProto":{"count":48147,"self":0.1226105,"total":0.7062529,"children":{"GenerateSensorData":{"count":48147,"self":0.45374549999999997,"total":0.5836424,"children":{"RayPerceptionSensor.Perceive":{"count":96294,"self":0.12989689999999998,"total":0.12989689999999998,"children":null}}}}}},"gauges":{"KartAgent.CumulativeReward":{"count":48147,"max":61.127018,"min":-110.025,"runningAverage":-29.7358437,"value":-16.6449986,"weightedAverage":-32.3176765}},"metadata":{"timer_format_version":"0.1.0","start_time_seconds":"1684967496","unity_version":"2021.3.17f1","command_line_arguments":"C:\\Program Files\\Unity\\Hub\\Editor\\2021.3.17f1\\Editor\\Unity.exe -projectpath C:\\Users\\Jesus\\Documents\\GitHub\\KartIA -useHub -hubIPC -cloudEnvironment production -licensingIpc LicenseClient-Jesus -hubSessionId c5f3f6d0-fa49-11ed-8c57-d3a33f0d49e4 -accessToken GuhoziiltnGWLd8y6nOEqTSOS9mnXhE6--Y7SRNYOh4004f","communication_protocol_version":"1.5.0","com.unity.ml-agents_version":"2.0.1","scene_name":"kart","end_time_seconds":"1684973837"}}