{"count":1,"self":242.274048,"total":1308.7357210999999,"children":{"InitializeActuators":{"count":4,"self":0.0010021,"total":0.0010021,"children":null},"InitializeSensors":{"count":4,"self":0.0020066,"total":0.0020066,"children":null},"AgentSendState":{"count":483834,"self":12.9796816,"total":18.065395799999997,"children":{"CollectObservations":{"count":387068,"self":0.49576159999999997,"total":0.49576159999999997,"children":null},"WriteActionMask":{"count":387068,"self":0.070807899999999993,"total":0.070807899999999993,"children":null},"RequestDecision":{"count":387068,"self":0.6212923,"total":4.519145,"children":{"AgentInfo.ToProto":{"count":387068,"self":0.5588325,"total":3.8978526999999996,"children":{"GenerateSensorData":{"count":387068,"self":2.7526726,"total":3.3390201999999998,"children":{"RayPerceptionSensor.Perceive":{"count":774136,"self":0.5863476,"total":0.5863476,"children":null}}}}}}}}},"DecideAction":{"count":483834,"self":1047.2841216,"total":1047.2840729,"children":null},"AgentAct":{"count":483834,"self":1.00488,"total":1.00488,"children":null},"AgentInfo.ToProto":{"count":5477,"self":0.0172572,"total":0.1043104,"children":{"GenerateSensorData":{"count":5477,"self":0.0588362,"total":0.0870532,"children":{"RayPerceptionSensor.Perceive":{"count":10954,"self":0.028217,"total":0.028217,"children":null}}}}}},"gauges":{"KartAgent.CumulativeReward":{"count":5477,"max":107.346809,"min":-140.021011,"runningAverage":-31.3495235,"value":-140.014,"weightedAverage":-41.98685}},"metadata":{"timer_format_version":"0.1.0","start_time_seconds":"1685596543","unity_version":"2021.3.17f1","command_line_arguments":"C:\\Program Files\\Unity\\Hub\\Editor\\2021.3.17f1\\Editor\\Unity.exe -projectpath C:\\Users\\2092\\Documents\\GitHub\\IAKART\\KartIA -useHub -hubIPC -cloudEnvironment production -licensingIpc LicenseClient-2092 -hubSessionId 9a452a70-ff64-11ed-8bed-d78215448857","communication_protocol_version":"1.5.0","com.unity.ml-agents_version":"2.0.1","scene_name":"kart","end_time_seconds":"1685597851"}}