{"count":1,"self":1379.9574527999998,"total":8430.1619964999991,"children":{"InitializeActuators":{"count":4,"self":0.0020583999999999997,"total":0.0020583999999999997,"children":null},"InitializeSensors":{"count":4,"self":0.0025732999999999997,"total":0.0025732999999999997,"children":null},"AgentSendState":{"count":2500017,"self":73.8364352,"total":102.9846846,"children":{"CollectObservations":{"count":2000016,"self":2.956474,"total":2.9564738999999998,"children":null},"WriteActionMask":{"count":2000016,"self":0.59907139999999992,"total":0.59907139999999992,"children":null},"RequestDecision":{"count":2000016,"self":3.3631156,"total":25.592703,"children":{"AgentInfo.ToProto":{"count":2000016,"self":3.2886016,"total":22.2295874,"children":{"GenerateSensorData":{"count":2000016,"self":15.328686399999999,"total":18.9409857,"children":{"RayPerceptionSensor.Perceive":{"count":4000032,"self":3.6122996,"total":3.6122997,"children":null}}}}}}}}},"DecideAction":{"count":2500017,"self":6940.4770303999994,"total":6940.4773354,"children":null},"AgentAct":{"count":2500017,"self":5.5834183999999993,"total":5.5834182,"children":null},"AgentInfo.ToProto":{"count":76041,"self":0.2128727,"total":1.1534266,"children":{"GenerateSensorData":{"count":76041,"self":0.755278,"total":0.94055389999999994,"children":{"RayPerceptionSensor.Perceive":{"count":152082,"self":0.1852759,"total":0.1852759,"children":null}}}}}},"gauges":{"KartAgent.CumulativeReward":{"count":76041,"max":98.93025,"min":-12.024,"runningAverage":-0.23135072,"value":4.359001,"weightedAverage":-1.5233475}},"metadata":{"timer_format_version":"0.1.0","start_time_seconds":"1684375761","unity_version":"2021.3.17f1","command_line_arguments":"C:\\Program Files\\Unity\\Hub\\Editor\\2021.3.17f1\\Editor\\Unity.exe -projectpath C:\\Users\\2092\\Documents\\GitHub\\IAKART\\KartIA -useHub -hubIPC -cloudEnvironment production -licensingIpc LicenseClient-2092 -hubSessionId 1b2f1fb0-f380-11ed-b6b4-f38ee01cc4fc","communication_protocol_version":"1.5.0","com.unity.ml-agents_version":"2.0.1","scene_name":"kart","end_time_seconds":"1684384191"}}