{"count":1,"self":3820.9626111999996,"total":22510.9837661,"children":{"InitializeActuators":{"count":4,"self":0.0010015,"total":0.0010015,"children":null},"InitializeSensors":{"count":4,"self":0.0020001999999999997,"total":0.0020001999999999997,"children":null},"AgentSendState":{"count":7450701,"self":233.65921279999998,"total":321.6702607,"children":{"CollectObservations":{"count":5960564,"self":8.479148,"total":8.479148,"children":null},"WriteActionMask":{"count":5960564,"self":1.608225,"total":1.608225,"children":null},"RequestDecision":{"count":5960564,"self":10.242513599999999,"total":77.92366229999999,"children":{"AgentInfo.ToProto":{"count":5960564,"self":9.7243672,"total":67.681148499999992,"children":{"GenerateSensorData":{"count":5960564,"self":46.6423616,"total":57.9567816,"children":{"RayPerceptionSensor.Perceive":{"count":11921128,"self":11.3144192,"total":11.3144189,"children":null}}}}}}}}},"DecideAction":{"count":7450701,"self":18351.3022464,"total":18351.3015623,"children":null},"AgentAct":{"count":7450701,"self":15.223830399999999,"total":15.223830999999999,"children":null},"AgentInfo.ToProto":{"count":107844,"self":0.3546604,"total":1.8224768999999998,"children":{"GenerateSensorData":{"count":107844,"self":1.1186133,"total":1.4678164999999999,"children":{"RayPerceptionSensor.Perceive":{"count":215688,"self":0.3492032,"total":0.3492032,"children":null}}}}}},"gauges":{"KartAgent.CumulativeReward":{"count":107844,"max":91.81316,"min":-110.024,"runningAverage":-4.68845844,"value":-8.651004,"weightedAverage":0.999208331}},"metadata":{"timer_format_version":"0.1.0","start_time_seconds":"1684995160","unity_version":"2021.3.17f1","command_line_arguments":"C:\\Program Files\\Unity\\Hub\\Editor\\2021.3.17f1\\Editor\\Unity.exe -projectpath C:\\Users\\2092\\Documents\\GitHub\\IAKART\\KartIA -useHub -hubIPC -cloudEnvironment production -licensingIpc LicenseClient-2092 -hubSessionId 81659320-f8ff-11ed-9b54-777e8a50f98a","communication_protocol_version":"1.5.0","com.unity.ml-agents_version":"2.0.1","scene_name":"kart","end_time_seconds":"1685017671"}}
